Household_Id,Monthly_Income
1,3.0002201256846415
2,2.327266212883311
3,3.186985275472798
4,4.523164875706333
5,2.239692657792505
6,2.239707366148094
7,4.625965593761249
8,3.343351983687004
9,2.038491850804416
10,3.055746809062691
11,2.0434364457940477
12,2.0415474997133565
13,2.70955633814186
14,1.144179632602705
15,1.2337186079134497
16,1.9641999028940285
17,1.6402809725154204
18,2.789044134580602
19,1.7105079441893742
20,1.3980501550643296
21,4.4205295984626
22,2.2472100742145384
23,2.5269455525030264
24,1.3911082415006963
25,1.9783178446195206
26,2.5711905377001574
27,1.552090247186909
28,2.8584491066224857
29,1.9342981045930534
30,2.188732261270386
31,1.9334720090063044
32,5.159869424292297
33,2.4463597666215637
34,1.6110975074736873
35,3.417871417764079
36,1.5093250135770944
37,2.6739196724339847
38,1.1231440617184116
39,1.4458907685199682
40,2.6611131011624467
41,3.30483527859037
42,2.634115132430156
43,2.348415128058291
44,2.180509405527666
45,1.361505678448962
46,1.8442308675912549
47,2.0457091287592184
48,3.754101180384995
49,2.8220041268866813
50,1.2150484321560817
51,2.8000396778960566
52,2.1084795342160625
53,1.8761676267633178
54,3.1414061417871517
55,3.7150785018578656
56,3.569808838240331
57,1.7582394408700417
58,2.173448441307065
59,2.8080923465236576
60,3.6335787743141488
61,2.0305979470175286
62,2.2835617825074497
63,1.5800650394453788
64,1.5242726574769383
65,3.404201244459813
66,4.231243880558609
67,2.389767190504132
68,3.674485633357827
69,2.8424160433876042
70,1.90018661193617
71,2.8421427075886987
72,4.550397658363205
73,2.4246073272145194
74,4.599085421551482
75,0.8625190514905329
76,3.4169932637907063
77,2.546752013989109
78,2.1823386124538273
79,2.5515584021874176
80,1.1106799931063343
81,2.252703937887904
82,2.8372776786595106
83,4.442234954362653
84,1.9990896714985738
85,1.7799807663828557
86,2.0123379041927163
87,3.5472081131683804
88,2.805271831384928
89,1.9899229482077407
90,3.0201514322093783
91,2.556990599028218
92,3.623563725771984
93,1.8574020470217718
94,2.1574676321019033
95,2.102562289339948
96,1.3697031270129372
97,2.7688944107311184
98,2.7303289839338194
99,2.4646390891989434
100,2.2393040970747085
101,1.3963360560226812
102,2.078698280031425
103,2.1445166594295912
104,1.7844122553715545
105,2.3059338037305337
106,2.891051690650539
107,5.230329931396924
108,2.6374990144470116
109,2.7265038741005796
110,2.3874399320215227
111,1.1416693277055987
112,2.433655504471957
113,2.519579654843207
114,6.588309858574094
115,2.2774482192019194
116,2.7749117279187425
117,2.4256882343862425
118,1.5411498365785787
119,3.8850238616904336
120,3.322685073286615
121,3.3750589094270644
122,1.709575370071607
123,4.3107750950021595
124,1.4039077171013172
125,3.1103735686675473
126,5.907260870687706
127,1.6549742833512504
128,1.9610516944938763
129,2.5596244436616487
130,2.010955009532479
131,1.3227787367535746
132,2.52799169209001
133,1.608140454888315
134,2.9725999450705594
135,1.702725676674657
136,4.572105230703388
137,1.7980426976418746
138,2.1623063215365743
139,3.405551475368247
140,1.5032873449352728
141,2.6938838799319202
142,4.148957515960446
143,1.2930537981759906
144,2.6481295045021525
145,2.7290487839668045
146,3.3626493110351876
147,1.4996319564703047
148,1.4503680542878261
149,3.0306485097684592
150,2.7698519449473293
151,2.7188177637402258
152,2.825200353845474
153,1.8738405810143253
154,2.6990543714398627
155,2.765520848814936
156,1.8482873116173784
157,5.187800463000543
158,2.9728859113779738
159,1.5272650718497358
160,3.1983064759599933
161,1.6655032531535003
162,3.3697341078271994
163,3.909612372453716
164,1.771323615807261
165,3.615934945735952
166,2.9011649718986705
167,3.4172087538608915
168,5.252568489498781
169,2.2296502923461885
170,1.8193977400358399
171,1.7232193012056911
172,1.7747789607425
173,2.3849050595570307
174,2.8192215195063515
175,2.7474585472316333
176,3.4242185997085195
177,2.4724282298962477
178,4.3991600759078615
179,2.212531348702861
180,7.301411361331685
181,3.1590360674125413
182,1.7456674536207897
183,1.6026251456543033
184,2.9831773761377796
185,2.2492906185706185
186,3.272650469196445
187,2.9721780964144267
188,2.3889846306414975
189,1.7529192005413623
190,1.341865902755387
191,2.057299127036658
192,3.4644694974432277
193,2.679519527461466
194,1.4943696640219288
195,2.6360257108791467
196,2.8694688756356164
197,1.7271230122959007
198,2.61559091256668
199,2.5175431547703595
200,1.5570793903647013
201,2.8380436073443716
202,3.078103961607655
203,3.7932398562823066
204,3.749118781674312
205,1.4175531518562954
206,1.6902390760261201
207,3.022287838152544
208,3.020777898083006
209,3.022302851824634
210,11.485582994784016
211,3.0905720532516416
212,3.873762496553338
213,3.6024014964086537
214,3.1917089696918817
215,2.168189098098402
216,3.3320498600635613
217,1.8055584132926468
218,2.2373062098743897
219,2.025576964806513
220,2.5414877953643393
221,6.208152990524046
222,1.1654344348581
223,3.236537469651147
224,1.2903501962895114
225,2.0364890142890166
226,3.802201491267076
227,2.5236644892104674
228,1.5982385056887718
229,1.8475834025695617
230,3.2279236560111935
231,1.8364848692041378
232,2.6820553864822894
233,2.504849708077563
234,1.8952672563362476
235,5.798374593227615
236,3.169480229307402
237,1.0941118796232439
238,2.6500585283068694
239,1.8875608010379037
240,3.458978567975998
241,1.7913897309506803
242,2.349271836690815
243,3.010165051347585
244,3.477459775477516
245,1.5217811182579444
246,2.1515736521984605
247,2.0340357537816507
248,1.893957029806806
249,4.9837453970056975
250,2.8921283500621753
251,1.485344034172342
252,3.5507000414509666
253,5.7480604151789025
254,3.717257273272375
255,1.3394405323635394
256,2.0264923069489815
257,4.082724191793725
258,1.8532339865024996
259,2.937408621049204
260,3.352993809990982
261,1.6976209187899216
262,2.4017313126985846
263,0.6726656110577915
264,1.6327160941196492
265,2.2232558919429533
266,1.4931481258724741
267,4.725458161173768
268,1.38811047077876
269,2.062630696710748
270,2.591653867797139
271,4.377638026714654
272,1.384937676248456
273,3.916762817861575
274,2.4696914514801374
275,1.6609613140159087
276,2.958970458341399
277,2.6634542703734545
278,1.934624496776429
279,2.529244986758676
280,2.1082844528448494
281,2.573860567433617
282,3.2054493065827274
283,4.638572770968162
284,1.4991133007235076
285,5.7731239694844
286,1.1265556496869096
287,2.3147135930644165
288,3.1121906976187175
289,2.7521894184855453
290,1.9173043057421082
291,2.2631351802818114
292,2.0193983613552695
293,1.9430406612503388
294,3.4550635089729202
295,2.8371674973370995
296,1.8642077462346698
297,3.5248572894183825
298,2.781303793839676
299,3.404659203571433
300,3.164045836769829
301,1.765443609497395
302,1.965855626579101
303,3.3165246485379236
304,3.13976547039418
305,2.439124985319675
306,2.577786160692437
307,4.100323849670343
308,1.9413263877198328
309,3.061297826844933
310,2.268509343754239
311,2.254498421467536
312,3.8171754601929786
313,3.421799353919056
314,3.40554114788691
315,4.146196976363427
316,2.480354607010634
317,3.2309660800919935
318,2.172531977708656
319,2.8001319497887764
320,2.3348386270299115
321,2.556907156217916
322,3.120717084455371
323,1.7730686157442725
324,5.6800208884719945
325,1.6447576487897462
326,1.5133482117427757
327,3.908854441671344
328,3.375910540059853
329,3.157081190386481
330,3.1624220442355044
331,2.447583694767214
332,1.717892504398462
333,2.5353249729321456
334,1.8759877400257263
335,3.6329605462993846
336,2.3190950557307266
337,1.7679154157188135
338,2.1628908066599877
339,2.9013396590150893
340,1.9630711867062955
341,1.7702341779721786
342,2.7114265120188143
343,2.7128144229493354
344,2.0081677312733404
345,2.037217034576082
346,2.6988343968891777
347,1.378183411340545
348,1.4007593609439377
349,1.8452639166161326
350,2.2583199216229186
351,2.785320719180484
352,4.437727791500091
353,3.466217179388246
354,2.3071767433246526
355,2.440965156018688
356,1.6470540273437408
357,2.4414563978446275
358,2.1913910929474296
359,2.7985108156244056
360,1.766689793702125
361,3.0275042665114946
362,4.540765295785591
363,2.35489452932747
364,2.8883479319892644
365,3.241569404666551
366,2.094912552066072
367,2.690257711951118
368,2.4720232881227955
369,2.557602866191489
370,1.8054251179392498
371,2.483835827016259
372,3.001761600493881
373,4.394955663379586
374,3.610002014702911
375,5.819841239906024
376,1.8095188384824976
377,3.486604202615219
378,2.646761460595207
379,5.905718821828791
380,1.7801198363997643
381,1.7578847912493596
382,1.9352624334787507
383,1.0517355561930217
384,1.9931135047754198
385,1.8154746258529497
386,2.612107886124496
387,2.819902726795285
388,5.209419012785293
389,3.5972495345627533
390,1.9527498090733326
391,1.7170953812184788
392,2.9944712406014298
393,1.4504976684861912
394,5.1170776588359255
395,3.9423462787458456
396,2.0387354519499143
397,1.2395472455219316
398,4.227238528230335
399,2.3494565871347324
400,4.0354851292385305
401,1.2998240855225351
402,1.9352760751841764
403,2.4647674934138752
404,2.506261592518654
405,2.054379408635867
406,3.155477945962055
407,1.6047240787423187
408,2.3234385127518804
409,2.5808485822002547
410,3.0215668870936874
411,3.2695290438048974
412,1.5685367262555623
413,1.33156418708231
414,4.100343410082444
415,2.809272645416086
416,1.8232222184309859
417,4.574332517224871
418,2.5760825504663707
419,3.9421208828695193
420,2.526935724444687
421,5.6085889843236885
422,4.963625081426795
423,2.2264632515394838
424,3.6278071701361547
425,3.1840385643700637
426,4.252268575573195
427,1.672016889133609
428,3.236267255458398
429,3.7560572170629865
430,1.2171404394672676
431,1.5321877176783143
432,1.087962987372463
433,2.2083315291654886
434,3.277290134178773
435,4.485916492722668
436,2.533591628810973
437,4.718288926159062
438,1.416174775547905
439,1.2443919589827084
440,2.40555565978605
441,2.868032284794097
442,2.4276460903238535
443,1.075755451105285
444,2.37346754305006
445,1.459672652256541
446,3.215133945613612
447,2.8480635250323574
448,1.688850441691662
449,2.0026138115267536
450,1.6101294689247307
451,2.3987034473130935
452,3.6040453690752345
453,1.6581617039248817
454,3.009032523130486
455,1.9895270608978475
456,1.7911374538078404
457,2.356524480949141
458,1.625642416733073
459,1.970998521140617
460,1.5232540104452885
461,5.397252636946542
462,2.494542687421
463,1.8591321574076933
464,2.6793975227161657
465,2.3515361139575455
466,2.2515348972308327
467,3.144537058201017
468,3.330102499065931
469,1.989333267133173
470,1.9535978107342091
471,2.2033508629993643
472,0.9794457134058019
473,1.3416813619123453
474,4.249280638063367
475,4.749251778867502
476,2.2263992273233493
477,3.097585029713857
478,2.7857024333693596
479,8.427939549882396
480,3.849063856487478
481,2.3369179910866658
482,1.6783041075231588
483,1.2935902238052719
484,2.668150282783486
485,1.8174959496344103
486,1.392496969006516
487,1.8990824458735833
488,1.5958089694779434
489,4.830049200391336
490,3.4996252900550955
491,2.4517717916996626
492,4.4458792483420835
493,2.536911314225235
494,1.7427883306119765
495,4.5233353495155075
496,3.0512886740724614
497,1.6243399331367803
498,2.2792912258141618
499,1.7328244350461603
500,1.4146471097858586
501,3.5625301866791173
502,5.279158215830439
503,1.4057528147109777
504,3.0807950434825258
505,1.8959934939221232
506,2.0241499739755557
507,1.9406877689098083
508,1.7409025612932418
509,2.5078069626746897
510,1.7640634978239604
511,2.7406160484030604
512,2.4106700941515458
513,2.2354013374045922
514,1.7108229895645073
515,1.9528531709296546
516,3.327284448348054
517,3.0052683797069806
518,1.6635899738356847
519,2.5592977953458855
520,3.3219595986052672
521,1.2614197691992268
522,3.0567249864414108
523,1.8869287294224655
524,3.0902112906938934
525,1.81248047882092
526,1.1948816702080474
527,1.282720258512014
528,2.507368955984431
529,2.7288738111259407
530,1.7130464753760926
531,3.1754107165157435
532,1.265404678650232
533,2.3954427558996585
534,1.5152698169414731
535,1.895088533331344
536,2.5066807522501118
537,1.7433955095148528
538,2.1089238260069902
539,3.6785443751004974
540,1.9527590152475054
541,3.4358929383271004
542,1.565362236351982
543,3.0401950397302606
544,4.378155199184201
545,0.9151586872538362
546,1.788257885851989
547,3.0982234013571297
548,2.267735702039809
549,2.8532490124816468
550,1.9317105878381318
551,2.5462862243057747
552,2.3111127207361157
553,3.924005034341434
554,2.723092920226772
555,2.8152218398569073
556,2.0860017876452597
557,2.0237606942544266
558,2.068816541853089
559,2.879972821002224
560,2.0784162962531165
561,2.761875402835235
562,5.641558287499519
563,3.484936703078089
564,2.1588821986747257
565,3.9768321846400845
566,2.089176252640166
567,1.088445123824638
568,1.643397056867301
569,1.163791525645682
570,2.1369821134841525
571,2.47779078749805
572,4.809412450099698
573,2.8032261476587794
574,2.253218837817721
575,3.427263853450679
576,1.01566734214757
577,2.7026852700550306
578,3.347942833145529
579,1.3614706852551153
580,3.88647126952274
581,2.8162284564273516
582,2.0831576310751063
583,3.1680388794879533
584,6.0999290692616
585,2.64519953763238
586,2.7163477376801803
587,2.0467550573402304
588,1.7507814869276734
589,3.428539355550243
590,1.746417365210154
591,2.5310304059076305
592,2.0318303179709605
593,2.9790126803413064
594,2.8107879185860227
595,3.7248104986922455
596,2.0057006286832277
597,2.2079180791286537
598,1.6627860080802979
599,2.059128213647074
600,2.860281930919547
601,3.3294111171527354
602,1.7008597700933705
603,3.4828202005421716
604,4.230224832436769
605,2.901923988408856
606,5.210721474783811
607,1.8048623353255837
608,1.4950178082960757
609,1.2074514521026076
610,4.47460341116265
611,3.1955086036825877
612,2.4055200847542517
613,2.7510631873043434
614,1.5680054239603967
615,6.542378548935015
616,2.590079247646057
617,2.56961971680056
618,3.2880893439517447
619,2.9814319126008377
620,2.6900333995107095
621,1.7928566073297107
622,2.970075409375496
623,5.221630965491184
624,4.21297065851669
625,4.651894940415271
626,2.0047387027093135
627,1.6555910448906523
628,2.338910521765128
629,2.5150431612002464
630,3.810180667815065
631,1.2498382564651194
632,4.5349775255804445
633,2.3089591546039445
634,2.073519846220223
635,1.6407578682752595
636,1.2687819315985887
637,3.418726911196382
638,2.5328045001076434
639,1.46816840380833
640,1.4651659187484556
641,2.1504693492328877
642,4.795167356957316
643,2.217018908475424
644,1.348162856678897
645,2.229333750779008
646,2.205403691310065
647,0.8363110571449924
648,2.4067614651030445
649,2.24257820398921
650,3.2494395844704287
651,5.153017358590195
652,3.859841080673031
653,2.2087892699943046
654,1.5799443683332575
655,6.884991663091607
656,2.518560161141053
657,2.4733455720451714
658,2.435982010957558
659,2.6624157951672003
660,2.3215982172037335
661,1.955283503003688
662,1.9763593172413494
663,2.427589262588816
664,1.979076044389674
665,1.8494007855656123
666,2.5665743989305727
667,2.2211145357462865
668,4.488852923167248
669,0.8518132865957135
670,3.8060912381260437
671,4.048854805256974
672,1.073198999206489
673,2.144539753807887
674,2.1200160376863177
675,1.4007325112546245
676,1.8019570512428889
677,1.577386970464676
678,4.957532699567818
679,3.5760947650686647
680,4.090315220033202
681,3.2827084401895315
682,1.5657724672484261
683,1.9940981509807687
684,2.991424886302218
685,1.5085499273886023
686,3.2713389700724007
687,2.234170103436236
688,2.1171517622191347
689,3.2686726572244496
690,2.9379302140527632
691,2.1289172851900617
692,3.9107607541312914
693,1.596118379602198
694,3.1467628028560517
695,3.1181519517988847
696,2.173158032825483
697,2.8023355903665683
698,1.4911603413128363
699,3.5594669755427897
700,2.2842532037227454
701,1.995532220173297
702,3.7419381171225496
703,1.8557010028479042
704,1.4002005571307519
705,1.3196259570751596
706,3.134294097716624
707,1.473776654678138
708,4.962539833057784
709,1.0695395586555474
710,4.848079016009483
711,2.6762243775962102
712,2.3662697149919762
713,1.9778934521159124
714,2.8853737637867463
715,2.42285384225348
716,3.824090850208332
717,2.574591960106819
718,2.612011736187886
719,2.1266651916661927
720,2.4042109214003595
721,2.781862611695156
722,1.2410187848053356
723,1.4343701473611532
724,3.311183365091852
725,2.633585367102135
726,2.2850928668297503
727,2.477806203246113
728,2.8264815854448773
729,1.9819795695867848
730,1.8016053163057586
731,2.6600318649837957
732,1.6630460470174249
733,2.8959149392488936
734,1.2447896481155492
735,3.712339440822397
736,2.9714171472385003
737,2.7248459481428395
738,3.6439796453305684
739,4.788368642738324
740,3.690448613021204
741,1.1778023743753576
742,1.4742792308449129
743,1.9156798427903634
744,2.485406978253897
745,3.025461398216728
746,1.839883905399246
747,2.650389753009622
748,1.8181996842751433
749,1.9258990136605656
750,1.401209176376074
751,1.7001333710703401
752,1.4323639019857253
753,1.6647096083286037
754,3.74887846272429
755,1.6824321325668574
756,7.049472743948213
757,2.996147091324031
758,2.648343762907331
759,1.744829578139095
760,3.2547776133127218
761,1.9537387986975427
762,2.5826188076663392
763,6.84852852484797
764,2.366888066218539
765,3.8950609618681833
766,1.8565676433939395
767,2.4254197538978706
768,4.9944148308369165
769,1.914034230002887
770,5.0783145406361045
771,3.264480943659743
772,1.9640590774389886
773,3.1675648153438067
774,3.629234628312573
775,3.154165577821462
776,1.3124690208508392
777,1.8388587408895762
778,2.227750976353324
779,2.387451856517428
780,3.1527302990514987
781,2.640796035677471
782,1.4417566363942356
783,2.863598756804103
784,3.1400361045347416
785,3.0768802542057356
786,3.7897963730436492
787,3.4334612454148297
788,2.9555123847800067
789,2.39153092535207
790,1.2656877199563485
791,2.9207700219206116
792,2.67266225493429
793,2.7418463254561516
794,1.4759481099086893
795,1.596122712872606
796,3.7481453388526633
797,2.4209933676830144
798,3.2303816202799784
799,2.4876222895047886
800,2.489053345847228
801,3.579823589027116
802,2.0008700454961357
803,2.5560122030405146
804,2.0443704312511297
805,2.067213383966269
806,2.1734834361800566
807,2.6881507633758774
808,2.030943678584486
809,4.064547620062239
810,1.71971241989741
811,2.282454370652726
812,2.0628893077560626
813,4.387638493401728
814,2.6607869119510634
815,3.7163344358585877
816,1.3576779499920986
817,2.73688416245479
818,3.510829443495233
819,2.541904480915545
820,3.7666731188816245
821,1.9998748827135588
822,4.322089544078366
823,6.169138799250836
824,2.1273234128271956
825,2.0581324448509153
826,4.398896837975367
827,4.626630541247202
828,1.9954228627086716
829,2.079079552972148
830,2.1974248597029136
831,1.436514646842827
832,1.7032517555997488
833,1.6459927428749073
834,1.8091931528002914
835,2.425714317775921
836,2.7011723784697375
837,4.573140633114931
838,1.6498071193312913
839,3.646358357917137
840,2.2578306486339375
841,2.4114169387891735
842,3.221760008962733
843,1.5697418692858744
844,2.8661334700556207
845,2.628940421061136
846,2.9951086427078044
847,2.761205770129693
848,6.5674133974888065
849,1.9058040753051824
850,1.9889387757977766
851,1.9169661180271735
852,1.9695580004765045
853,1.9060730847704659
854,3.957476649512876
855,4.341420936262772
856,1.9575652516435682
857,1.7630720505972086
858,2.970012681154734
859,1.972123305338196
860,3.1682289062487787
861,2.6675733683204137
862,1.3413845864871947
863,4.56766475846069
864,5.044764986331699
865,1.9249202220811756
866,2.1062716121463994
867,2.7575597946765935
868,2.811681536669046
869,3.200854191629532
870,5.496336698496427
871,2.291533190407343
872,1.7872553197929197
873,1.4166179547492914
874,1.8360710395648945
875,2.4272264110854165
876,5.042102437546463
877,1.999616636397781
878,2.689930026052592
879,2.443498543290381
880,3.9564901614316463
881,6.758310753888072
882,1.9890407569370858
883,2.022277240046243
884,3.7346882609372996
885,3.2308866229946434
886,5.148384263946285
887,3.106731702621158
888,2.130343349513459
889,3.115102111490436
890,3.8323624175182993
891,3.41505252124677
892,3.0129197115338533
893,3.7684729857337373
894,3.9263813914359673
895,4.275339850470241
896,3.188287551783492
897,2.300560451630584
898,2.6082655874894956
899,3.9852641120810732
900,1.7739802159615503
901,2.8504284706205447
902,2.101527529002363
903,2.488046661128468
904,4.101614780370139
905,2.6549866520583807
906,2.505716243614383
907,1.4276897003166662
908,3.315145209372966
909,3.184176412733133
910,5.843336132624621
911,2.1746956115163596
912,2.6849446979057747
913,2.717611782506631
914,4.622710918514146
915,2.3676118456314907
916,2.750021171313048
917,3.136660201869823
918,2.6502226339022172
919,2.0573660623661936
920,2.6581648991107194
921,3.778974588489248
922,1.6313271406132237
923,2.593965717311653
924,1.8588382095056561
925,3.9670337594633773
926,1.3373970676851714
927,1.9668460325795325
928,2.8601805437533443
929,4.600705271774551
930,2.395758532069313
931,1.9697767064042486
932,5.219819526222294
933,1.3782222441793963
934,1.020688722271096
935,2.932941311333495
936,2.012098707160352
937,1.6347777675900457
938,3.2652704060615934
939,2.711549616049004
940,1.9627931743193159
941,1.4738503181313367
942,3.4867948435732523
943,3.1901899841507477
944,2.3639398486538306
945,5.148239432279136
946,1.6031430257871975
947,1.3361467763669315
948,1.864954716394733
949,2.4151601351520653
950,2.7110493656246715
951,2.2333564241733708
952,2.831544035926683
953,1.4909063600015426
954,4.38200263119911
955,2.3800929192976397
956,3.845556525882475
957,2.8209963511269387
958,2.9526447308814454
959,3.0891837952729193
960,2.941981765033547
961,3.18066121348581
962,4.185645829273836
963,2.660751143967282
964,3.2661159727779685
965,2.3728831203635954
966,4.375614145971387
967,1.8765651899604927
968,5.05499151110464
969,2.420409691243477
970,1.387758643717508
971,2.5889224999496157
972,1.873071013421761
973,3.4427047245905253
974,1.8944913929319358
975,2.0575719585041385
976,1.155096289026922
977,2.0525388130515076
978,0.932811877170194
979,1.3053077942216285
980,3.3339769225623446
981,3.3680032571278655
982,2.9159131353088776
983,1.6706446046275398
984,2.41310779329005
985,2.4560613371036366
986,1.547520734698915
987,4.487785265496552
988,3.493642597867926
989,2.2515397837004967
990,2.486197253303285
991,2.6734054874900597
992,1.0868743984190639
993,2.2280550878177587
994,1.8723724204197572
995,1.6476532388729301
996,2.1980264352064522
997,5.048416403981937
998,3.1782703842761615
999,1.9572264686746825
1000,3.092664795235938
1001,4.304849485860259
1002,3.5603308401241276
1003,2.5189751894775303
1004,1.8988060405153553
1005,3.252062223582387
1006,2.87885934280491
1007,3.5186496294580625
1008,3.171068891092998
1009,3.7427516871569453
1010,1.9855697792144473
1011,4.166005346710112
1012,2.6618991704181827
1013,5.641242536016474
1014,1.8669850793775857
1015,4.925301648949483
1016,2.6622305216437985
1017,1.8954054976161718
1018,2.026774607919499
1019,2.163789487097074
1020,2.9144070290998894
1021,3.0317323693925085
1022,1.9552537852209904
1023,2.4357583930543236
1024,5.79449392535323
1025,4.908739893533284
1026,2.9286145690322534
1027,2.49727813127304
1028,2.580575744155761
1029,3.143721185230842
1030,1.6337581491070694
1031,2.2189838925154364
1032,1.2618341920816816
1033,2.885474186066666
1034,3.186357375798907
1035,2.027341674799682
1036,4.616305479032346
1037,1.506356369922436
1038,1.3692320673711025
1039,2.690644423127031
1040,3.7390789873958243
1041,4.823843787700774
1042,2.0471453179485537
1043,3.7866144441511054
1044,2.422007186251335
1045,2.2954963164520557
1046,3.5024543829162327
1047,3.192898584371893
1048,1.3092351833393492
1049,4.439830232946913
1050,4.2718053721183
1051,1.9151097264457089
1052,2.8815300296521906
1053,2.997000857677295
1054,2.729912360579002
1055,1.9736368123821186
1056,1.8801482926961819
1057,2.434590017211126
1058,3.931777476403697
1059,3.0570183999215574
1060,2.1207170596213025
1061,3.34905924583195
1062,0.7870865608400912
1063,3.8942701486066853
1064,1.2264385585157973
1065,2.1276617854494773
1066,1.5716594601706788
1067,1.4653987792752856
1068,3.913103193913311
1069,2.039938212638726
1070,2.825263268631777
1071,2.4138712063318635
1072,2.9767030556536644
1073,2.536356890647585
1074,1.4722665886438733
1075,3.663821497811248
1076,2.018788071453779
1077,1.3196509113662422
1078,2.0724965339255506
1079,4.483051335487454
1080,3.455919980369195
1081,2.139429374905956
1082,2.1389112080436488
1083,2.1626752121755084
1084,5.644599195648765
1085,2.865589765723628
1086,2.921264758208338
1087,3.7140145540142915
1088,2.706119428866006
1089,2.2175060016056154
1090,2.2738173256333165
1091,2.3901580566214906
1092,2.4232536130817306
1093,3.290540435691802
1094,2.511244267264554
1095,3.297141994286112
1096,2.381459102131961
1097,2.5381972276081695
1098,1.1059666248378195
1099,3.548521613617703
1100,2.825245858472095
1101,3.666377230740747
1102,0.7722073698150766
1103,5.670911606133654
1104,2.3260327843670723
1105,3.831564198342131
1106,1.6226127020399166
1107,3.14278566793912
1108,1.6138679880798465
1109,1.9164843037054402
1110,5.288911936042286
1111,2.278977869720958
1112,2.6831008232079494
1113,3.483463621259091
1114,2.9989815724677023
1115,2.612134131323994
1116,2.8461989461066053
1117,6.432519097616207
1118,2.4035636283003785
1119,2.6656278441916186
1120,3.744401377518554
1121,3.8274943530388557
1122,3.9543337217014605
1123,3.175585703299505
1124,1.557057831255086
1125,4.727386973302662
1126,1.554978692231853
1127,2.7761197688037305
1128,1.8190050212768885
1129,2.3973037333095983
1130,2.805284511964675
1131,2.7969873351015955
1132,2.9117908425112105
1133,4.690243535347872
1134,2.948845449237942
1135,2.230748871431775
1136,3.616963520371208
1137,3.958195325745037
1138,1.5052468037296274
1139,3.123518303727571
1140,3.25590117794061
1141,2.1835993618004954
1142,4.264319976003253
1143,2.316315473367085
1144,2.5863059445831524
1145,2.2950881911406404
1146,2.4749782770498663
1147,1.5864359593656452
1148,1.3826191663330636
1149,4.65434887882351
1150,1.7528016675683502
1151,1.6544077010605018
1152,1.0394003440064392
1153,1.90487292615669
1154,1.4488412262628894
1155,4.743646121991077
1156,3.6837337203190885
1157,1.8677600187408525
1158,6.055544642271899
1159,3.6426308981734894
1160,2.159911927580624
1161,0.9050525361709977
1162,6.149538442710697
1163,1.4108198838351225
1164,1.2735910403946706
1165,3.70257370138059
1166,6.526696781438304
1167,4.278956311502639
1168,3.0819534964319915
1169,3.1202144600858928
1170,3.460337831662751
1171,3.331995707087651
1172,2.752409113876366
1173,2.564286934121273
1174,2.3987859347445384
1175,1.8192315096158629
1176,2.1984003214223655
1177,1.2495922202877316
1178,2.3647307064877277
1179,1.6562624987510226
1180,1.5818013192383775
1181,2.643113717096422
1182,4.292206406253187
1183,3.5513458431906404
1184,1.312324193301078
1185,1.6555756040518794
1186,3.5833871170251386
1187,1.660311179921837
1188,2.2482378688999787
1189,3.064918074324278
1190,1.6697304697680266
1191,2.5654918187836304
1192,1.4425174293028222
1193,1.9337341810506272
1194,2.7952254734986357
1195,1.300569839610533
1196,2.9334813600146417
1197,2.4403583186504023
1198,3.0679082628389116
1199,2.690065798237304
1200,4.244636440769575
1201,2.5859418692081317
1202,2.071427086584948
1203,2.5829160205424753
1204,3.0566489808881827
1205,2.5081464849196062
1206,2.4998648651709106
1207,1.857447669886564
1208,1.8867195496040476
1209,1.4034842450434917
1210,4.9521939334889415
1211,1.4954911866789997
1212,1.8642110253526918
1213,1.8452911940132608
1214,3.518271263956455
1215,2.1858835743989524
1216,4.051539081568665
1217,1.878744529496415
1218,2.749991071344857
1219,1.7609636342850434
1220,5.801170172658072
1221,1.5295302045267873
1222,2.7841100860427637
1223,3.169300028705277
1224,2.9023467647890864
1225,2.2839009785389397
1226,2.335139704860929
1227,2.5030865460802576
1228,2.3191464287761985
1229,3.616662527030941
1230,5.95486897851473
1231,1.9679714393451175
1232,1.4220205861405788
1233,2.374263254331719
1234,6.902500484828544
1235,1.7834151912325868
1236,4.738149801065692
1237,4.8118437449543165
1238,1.9710466642655873
1239,3.088214930771212
1240,4.71787576851429
1241,2.1135075295268715
1242,2.267250482048044
1243,1.9490218560041317
1244,1.6390180421476457
1245,1.8970290072880809
1246,1.5074566504646998
1247,2.493365457610577
1248,1.8076193577310153
1249,2.7007090907028366
1250,1.320013206560821
1251,2.8076619560255076
1252,3.4329212827892843
1253,1.1079436647803331
1254,2.8565729238241904
1255,4.019138583627208
1256,1.5161035543764767
1257,4.801982986236908
1258,2.9084130935085706
1259,1.8552051031751389
1260,2.4053426536445204
1261,3.0750795320603834
1262,2.5355286521030354
1263,3.051100657945897
1264,1.701874963107378
1265,2.632000832110512
1266,1.3972614324445494
1267,2.352572888596942
1268,1.7133267414932531
1269,1.8326958464144785
1270,4.032704610478296
1271,3.8057917389565725
1272,3.1382183937346344
1273,1.5889523411646123
1274,2.1672013183803958
1275,3.9957811019404033
1276,2.6030576296094594
1277,6.219763079994949
1278,2.8786664126914103
1279,2.655995790195064
1280,2.173531826515937
1281,2.5945584861045816
1282,2.3140796878410375
1283,3.2649468068804053
1284,3.6062949898489753
1285,1.7960758752692938
1286,1.4441296454050037
1287,1.1800040264985772
1288,3.0137842974289395
1289,1.581942239363131
1290,1.0396080455306798
1291,2.87321451140297
1292,6.667198835154018
1293,2.453637544209918
1294,3.439741453796499
1295,2.54144227178999
1296,2.364210497991935
1297,3.552425441644186
1298,2.189975118447871
1299,2.737258646595976
1300,2.7973684122601923
1301,1.8828071320560114
1302,3.657635644203501
1303,2.293355656851147
1304,1.8179362628509959
1305,3.0483605985211764
1306,1.717058765962917
1307,2.487485753872183
1308,2.4506478087539483
1309,3.7975579914760695
1310,2.97391507898155
1311,2.4351033922155922
1312,3.411344583810929
1313,4.289126158811002
1314,3.074444155686886
1315,2.4698095636664146
1316,1.4553777763995497
1317,1.6063339530243486
1318,2.176918007028559
1319,1.927444667436739
1320,2.2823633857787824
1321,2.5159739120348044
1322,3.040059543009781
1323,2.3912123309451068
1324,2.987989214116078
1325,2.52386073266492
1326,1.1160697627816503
1327,1.6892182407470604
1328,2.32185161602092
1329,1.5160709741766976
1330,3.126679228539414
1331,4.537155768117813
1332,4.004844449456009
1333,2.258323788576012
1334,4.4650948394446415
1335,2.6103047654277884
1336,2.149350302422593
1337,1.9244475404653574
1338,2.1793183085617085
1339,2.1058712407201363
1340,2.6331121904021595
1341,2.622766278910272
1342,2.4626017378198335
1343,2.9293345110552984
1344,3.9600573596220796
1345,3.595998337091876
1346,1.3580377304947793
1347,0.8855304332085006
1348,3.5741520689238566
1349,1.4236849145494104
1350,2.248118938557737
1351,1.5402654775320483
1352,1.1962693329713434
1353,3.0544058561840375
1354,3.332297693566199
1355,1.9530570046341629
1356,0.8724788055289516
1357,1.9768451605251751
1358,2.8769238111198927
1359,1.3612935296939364
1360,2.6467804263402788
1361,2.4445866768924214
1362,3.1009750671985388
1363,2.5801102933123254
1364,1.6665780021608139
1365,3.9694541862117187
1366,2.308477394873086
1367,2.4328859445936204
1368,1.693322908271451
1369,2.0599611008144
1370,1.7264700913076674
1371,2.295203650164153
1372,4.877746800631493
1373,1.4208276342201915
1374,1.2899138598698268
1375,4.430303673353789
1376,2.2620478450753194
1377,1.8820674960780066
1378,3.7283354535791173
1379,1.9304512504386047
1380,5.1059365154516225
1381,3.2257657003630906
1382,2.023513661520075
1383,5.829453666822579
1384,1.93037451014354
1385,3.3096357857023713
1386,2.772410150054727
1387,4.1400030135994035
1388,4.593326451484023
1389,2.4912925187294697
1390,1.8196293961444123
1391,2.956448914773037
1392,1.875572323599012
1393,5.5033384500418405
1394,2.5976680336625635
1395,2.125211611870573
1396,2.6481787043799416
1397,1.43497795136072
1398,1.6675481677473312
1399,3.975559779320871
1400,1.8912581367253818
1401,1.6180724690775863
1402,3.0485348587151315
1403,3.9522366606690738
1404,3.2791404307841785
1405,3.6635003652672524
1406,1.8171729414921522
1407,1.3927437652076824
1408,4.48408051350894
1409,2.1617715864888307
1410,2.224799487139971
1411,4.184041547230056
1412,3.0725013559013425
1413,2.9516227646881736
1414,5.8474223368523175
1415,1.9014042798758686
1416,3.56490017200836
1417,2.5163394592774306
1418,2.7385728075604217
1419,4.5330154059085395
1420,3.013596760743841
1421,3.0505394127453647
1422,3.777275320072314
1423,2.1255251647216933
1424,1.7582449658885004
1425,1.6194333796139078
1426,1.1201441296887367
1427,5.5984112491274685
1428,1.5820423734342681
1429,2.2512791157343397
1430,2.201798838309194
1431,2.781423033039177
1432,3.408576941603617
1433,3.4701207629077486
1434,1.9479334172357818
1435,2.3005571080264673
1436,2.7539382557060708
1437,2.2267064144601583
1438,4.678316066863807
1439,2.9933404784563717
1440,3.300094532980712
1441,3.2064118476654353
1442,3.9329490661881605
1443,2.6443059324430402
1444,1.4641388015072385
1445,2.8860107369482764
1446,1.8954518293399345
1447,1.9908333646897138
1448,3.1097601701246833
1449,4.036238639922175
1450,2.4806202524336753
1451,2.783010359725182
1452,4.859259100596845
1453,2.708246213738846
1454,6.963437497026666
1455,3.0839272263275728
1456,1.2161557951365984
1457,3.3245577190785447
1458,2.8646992016396804
1459,4.1201975104133695
1460,3.219649621728627
1461,2.3270877809505333
1462,1.5072408164997433
1463,2.2623196870523956
1464,1.7503080802814497
1465,1.9499244340939816
1466,3.112515873720191
1467,4.796861269027503
1468,2.8802255640429757
1469,1.5244699489554427
1470,2.938329043682238
1471,3.969549430408188
1472,1.9272359733617517
1473,2.3312232582000973
1474,2.4740964975833806
1475,1.7968599597942805
1476,3.187739910009501
1477,2.3434418870206146
1478,2.9090104667455425
1479,1.724613778476104
1480,2.0647655397013565
1481,3.2836399342010942
1482,2.118835698849689
1483,4.90760253506301
1484,2.096240549285451
1485,2.6908951029786894
1486,3.571680926545031
1487,1.39466425212737
1488,1.216133392378959
1489,1.3360766873417003
1490,4.075663849880379
1491,1.9724111761928431
1492,6.8433659891448455
1493,1.962660519169719
1494,2.6480420590583478
1495,4.5578179124654765
1496,5.487304521513997
1497,5.610284496596453
1498,3.9882258872660907
1499,3.7047841958762473
1500,3.1174357212681763
1501,3.357996211544503
1502,1.972941770581941
1503,1.7730840768360847
1504,2.4562854203633413
1505,2.297740275331255
1506,2.051782197834815
1507,3.2496749598384804
1508,3.604280199122049
1509,2.5481376385411463
1510,4.441588276553564
1511,1.5578775567588088
1512,2.2762656247535946
1513,1.846461438924613
1514,1.1657741271531434
1515,2.3795888619068446
1516,2.342692705527823
1517,4.505865071142533
1518,3.165543218296314
1519,1.6328472502497249
1520,5.163615572838275
1521,4.008485456023001
1522,3.104457808780111
1523,2.2465739356253533
1524,1.6756888011434037
1525,2.119366640510173
1526,3.8018943203750433
1527,5.2269844373784355
1528,4.559885033737852
1529,2.0227545705699583
1530,1.5716924410594408
1531,2.602192863937507
1532,1.2124271429977593
1533,2.7990136455517907
1534,2.31858935817528
1535,2.0412970185922847
1536,1.2996809003832324
1537,3.020553348636445
1538,1.9875836687314816
1539,1.5403863563637183
1540,0.7796541264165909
1541,2.4326812350596247
1542,4.997314352697511
1543,4.780301815457555
1544,2.0486099651218015
1545,1.9330811405939905
1546,2.9668764600190216
1547,1.6497863989072006
1548,2.775183191370468
1549,3.341541112013512
1550,4.017955895302885
1551,2.363015055201235
1552,2.2671657881533016
1553,1.7311864198753326
1554,1.7669375642402485
1555,2.2465786147479645
1556,2.8489377420835416
1557,3.544630242140108
1558,1.783768782841823
1559,4.4686011936550925
1560,2.2068155738107222
1561,2.438670667059031
1562,1.824152194869475
1563,0.9326772136153576
1564,3.502994445399137
1565,3.3026908947151754
1566,2.1978266311721395
1567,2.5264023302784318
1568,3.023380835179141
1569,1.316506526289983
1570,1.990486197131121
1571,3.379425997500852
1572,1.48926726528158
1573,2.7660579196066255
1574,1.4295608199007923
1575,2.9640956958840743
1576,2.4247863249414072
1577,1.2891038327202715
1578,3.919232100106415
1579,1.833383871165738
1580,1.778728930426056
1581,2.665062951440221
1582,3.8940702204399704
1583,1.638319911305816
1584,2.521041071794481
1585,2.9198335175940913
1586,3.2454117930973942
1587,2.639465995090132
1588,2.1237616177144893
1589,1.7664359194730752
1590,2.5458321046863213
1591,1.6018262670096033
1592,0.7644946945529122
1593,2.9288912008521204
1594,3.5309746457039646
1595,0.9558321332184146
1596,1.6423164555254965
1597,3.1508167482953553
1598,5.6012970549908045
1599,2.480146133080565
1600,1.838222043029658
1601,2.286086545450144
1602,4.262903784648043
1603,1.8995448946520026
1604,1.7866157669115788
1605,2.02770090300579
1606,1.6797896154868717
1607,2.5833012270931754
1608,4.710864248224938
1609,2.7989146281999346
1610,2.2234467882368962
1611,2.188629376530901
1612,1.3161669367887758
1613,3.5016837031218597
1614,2.384203535516386
1615,2.288297370196554
1616,8.821950821502819
1617,2.7718117377488767
1618,1.8208138654667363
1619,2.0739540649561605
1620,3.8937717276726356
1621,2.5736063497801496
1622,1.3836000146553358
1623,3.5526420774085405
1624,1.8827667410827853
1625,5.203435655952651
1626,3.7886858831321875
1627,2.0566351844565314
1628,4.1058243741116565
1629,2.527276407774879
1630,3.4594494919875314
1631,2.9858758679934008
1632,1.7532256818350942
1633,1.9013802448042318
1634,3.713535274352181
1635,2.151337769808307
1636,2.0928789679035376
1637,1.6785846502697144
1638,2.913746255453571
1639,5.612576973882453
1640,1.6047802547790322
1641,2.4835470059072158
1642,4.327059543925344
1643,2.3824835297283937
1644,2.9474745486551988
1645,1.6080826822446923
1646,2.9192386292788304
1647,2.282205486369153
1648,3.6484119775274317
1649,3.954896457107263
1650,6.929761914276948
1651,3.1013989047020742
1652,2.801958190879904
1653,2.65847784593099
1654,2.135569771291038
1655,2.816214303188323
1656,2.1854886367914483
1657,2.631053642557977
1658,4.166344423307529
1659,1.6444121650638763
1660,3.88045115699546
1661,4.165540449297135
1662,2.3461427325707875
1663,1.0525944701372907
1664,1.928748226451529
1665,4.132149859478145
1666,2.437207154869893
1667,1.6491815047073812
1668,2.0099101739770373
1669,3.4426723323559583
1670,3.060852363318668
1671,2.235415597251101
1672,2.1239344371556803
1673,2.1028566721054016
1674,1.7006931890236936
1675,4.693367189876096
1676,2.1620823588474853
1677,4.002276836593549
1678,4.52006521017067
1679,3.6668183786112474
1680,2.0695928040611142
1681,2.89068077345928
1682,2.4359132984467817
1683,1.7134677751518075
1684,2.8003480490509713
1685,1.5347754497587403
1686,3.9553605311543163
1687,2.0424561547943174
1688,2.6656924695585276
1689,2.754718194481161
1690,2.2176276769404257
1691,3.1101704152496454
1692,2.0340696447921838
1693,3.4851773030849693
1694,1.4356362459264547
1695,2.5871369299498825
1696,5.341847674697474
1697,1.6485027804088028
1698,1.8755501163744355
1699,3.0209251932899392
1700,2.6427834867860054
1701,2.8299301792549154
1702,2.9912006203100305
1703,3.170497727598073
1704,3.833889935717608
1705,2.897729394128643
1706,2.233337130949654
1707,3.2188671487027998
1708,5.2590624738773455
1709,2.3325136398178783
1710,1.6656047623788983
1711,3.829875391147274
1712,2.343973425528336
1713,1.0314155525562554
1714,3.452051427032853
1715,1.985495937729255
1716,2.3721262078539302
1717,2.8088977096148566
1718,2.654350181248524
1719,3.2667013910187412
1720,2.066394811219431
1721,3.0199561737266443
1722,2.2170585258751068
1723,3.3052899241804683
1724,3.1460477848598
1725,1.6918532388981045
1726,3.797689465731264
1727,1.9849914800315105
1728,3.3981226566348126
1729,2.8488486362087624
1730,5.130860945412717
1731,2.2492877421382267
1732,2.1388606517960116
1733,2.4405713156242266
1734,2.1786993860775885
1735,3.3871090189242787
1736,1.2884961416119602
1737,1.6136957291489689
1738,1.6046069431688106
1739,3.5970822717980284
1740,4.87561060557865
1741,2.358958746544916
1742,2.298993252313747
1743,2.52949800294895
1744,3.9147494151358493
1745,1.6973339346930725
1746,2.7056646481940496
1747,3.6330737458307727
1748,3.00548113898039
1749,2.653375615734384
1750,3.6708323584800495
1751,0.8341909740211786
1752,3.2257004737067563
1753,1.8933916161122375
1754,1.182637177806524
1755,3.017658018000521
1756,4.260827618542501
1757,2.3280257577857113
1758,3.6007775882749766
1759,4.6875558373587936
1760,4.16187536437579
1761,4.739756730679877
1762,3.3096783069350937
1763,2.5349488404580782
1764,1.295910679273268
1765,2.2290489278544094
1766,1.7554080936373018
1767,5.861333204418992
1768,2.292506304105318
1769,2.583853586422417
1770,3.066675728769916
1771,2.5028772711556204
1772,4.845354525639585
1773,1.9173427734538113
1774,2.658715156146601
1775,1.8276148676116974
1776,1.450619919144286
1777,1.9257054413314294
1778,2.42343336648629
1779,2.0715126934819748
1780,1.8645721340782109
1781,1.4014017903975093
1782,2.3791844739262293
1783,1.3473124768748412
1784,3.3334986079302356
1785,2.5420628603866375
1786,1.3729742886576535
1787,2.173451309218819
1788,1.8205477871691047
1789,2.7945464014929717
1790,4.204604264981772
1791,1.1617540930368897
1792,2.5754143445065263
1793,2.306997468257434
1794,3.217279190848286
1795,2.678558164141689
1796,1.8206840230210208
1797,2.1649092110674806
1798,1.788879877606357
1799,3.782566908322926
1800,2.480660014054619
1801,5.261816315642557
1802,2.4006407346027245
1803,1.8526875103651579
1804,1.3424740840313742
1805,1.1957147568874478
1806,1.3051860828059236
1807,2.736967786646713
1808,3.0146689082058966
1809,1.3067246239144132
1810,3.5184316123048607
1811,2.027443377417837
1812,2.6083483496457514
1813,4.687447781567298
1814,3.5209672061688986
1815,2.209105628952287
1816,1.7220632051523403
1817,1.0400552528352733
1818,1.8447406016622525
1819,2.2604138239600884
1820,1.6571979416236786
1821,2.3337985361785725
1822,2.536387318893488
1823,2.2480374862640335
1824,1.8964789215130242
1825,2.6312574999629104
1826,2.935201954165316
1827,1.5901691099297441
1828,4.324830513121917
1829,2.3644956587453403
1830,2.4782182370855987
1831,3.2650849125689945
1832,2.7000936362604366
1833,3.6011550944435635
1834,2.7589486026417034
1835,1.925190743077334
1836,2.84226539950957
1837,1.5566086570994682
1838,2.568761515855881
1839,2.4271263941646284
1840,2.2631400623989952
1841,2.336338582085768
1842,1.1586556165917246
1843,1.974884739500715
1844,2.5526651250337555
1845,2.6220135595965006
1846,1.630570483770374
1847,4.080759554246157
1848,1.7393823182899164
1849,3.6247411548941333
1850,2.917939582408583
1851,1.8993449737274901
1852,5.003433401333621
1853,1.52584028870631
1854,3.55253583941675
1855,3.670151446227819
1856,1.8809028790482847
1857,4.293001420052976
1858,2.2254995208201844
1859,2.7606811747167215
1860,2.7295280956218226
1861,2.330951383674861
1862,3.401863294364163
1863,3.3783772417664366
1864,1.222120189555628
1865,4.144309121581149
1866,1.2649128225009596
1867,3.7173776307784037
1868,3.8600574034684043
1869,1.5898082761340926
1870,2.0868886755503464
1871,1.580463459155084
1872,2.2569889182680405
1873,2.174472891264915
1874,3.3597420927123594
1875,4.154215070584132
1876,4.298531807657727
1877,1.9642937959854707
1878,2.262139960622118
1879,1.2543590476415063
1880,1.7818496845769467
1881,3.6180697060214375
1882,4.693756068501596
1883,1.5011934892636354
1884,1.9406331704348976
1885,2.4337607560114796
1886,2.7512750630918426
1887,1.779190689394639
1888,2.9142847408875743
1889,2.0349357810471553
1890,2.445425390526181
1891,3.0603022916362304
1892,2.465929727848632
1893,2.065651439614504
1894,2.3540943257083695
1895,2.3741864141080793
1896,2.121228894687497
1897,2.217724288696796
1898,4.662066795695264
1899,3.078270087141746
1900,2.185419656961171
1901,3.2504120138676194
1902,2.1521604629715507
1903,3.9323997189278836
1904,2.8515333777578706
1905,2.3562683085674743
1906,2.941991609854157
1907,1.3121270715829787
1908,1.567203800132179
1909,1.5256644154510173
1910,2.6043346708124604
1911,4.918511774034295
1912,6.004565271422087
1913,3.1747231782039487
1914,3.0051809725309973
1915,1.1967109351852991
1916,1.979670625490785
1917,1.7947872643544007
1918,1.9187251108006667
1919,2.299616736087678
1920,2.0363597323701943
1921,1.1143598069537606
1922,3.3173428047259605
1923,1.601439303718871
1924,2.7066149160709143
1925,5.638584551124297
1926,1.7027526771101642
1927,0.893941440188831
1928,2.1937190749591426
1929,3.820509741882234
1930,5.383501407325699
1931,1.504078114812338
1932,3.0002022086939166
1933,2.0418899341543573
1934,2.35754461081197
1935,7.083281852593938
1936,1.348255950388767
1937,2.722351052758667
1938,2.9655937599446274
1939,3.7973920556521765
1940,2.5579170153027997
1941,2.782139443734275
1942,2.1029488479035523
1943,2.7391585549376702
1944,2.144106873757902
1945,3.153865224264243
1946,2.121568907274213
1947,2.860053004096418
1948,2.4309809876901523
1949,3.8590463767889873
1950,2.4095560298786247
1951,1.210201667065158
1952,4.074583774648865
1953,1.7120767026316088
1954,1.8936259147046455
1955,1.9381530477983173
1956,4.262156433579504
1957,1.0467920681487013
1958,8.628747950054729
1959,3.752501647726642
1960,2.6893393419233647
1961,2.4061847450680776
1962,2.7572164272085984
1963,3.0296556656131437
1964,3.1838343293211286
1965,3.071732658901577
1966,2.5493343159004036
1967,2.2729183712319214
1968,2.3151875202802965
1969,2.2751288493111166
1970,3.8709812920879463
1971,3.1187200863242848
1972,0.7586949795260275
1973,3.1974714021388753
1974,2.6588520723161717
1975,2.4412653657955743
1976,2.1055834850345416
1977,3.8560567269822474
1978,3.593082915603623
1979,1.8055205307012978
1980,2.8945246910959765
1981,1.6675196889154567
1982,1.4164485731955867
1983,1.914225515277564
1984,3.4727868171020844
1985,3.601138401634403
1986,3.019931557465031
1987,3.2872071534550846
1988,3.0236699681535177
1989,1.9029538977131717
1990,2.9234634250102025
1991,3.38774263460041
1992,3.3258209035626236
1993,3.957313352146674
1994,3.265201705366608
1995,2.830856406508516
1996,3.7737156337007876
1997,2.4336483166325187
1998,1.7284933610678668
1999,2.304291408967799
2000,1.8258377851915755
